personmexico:marlon_byrd	Marlon_Byrd	1.00000
sportsteam:new_jersey_devils	New_Jersey_Devils	0.93820
sportsteam:new_jersey_devils	2011–12_New_Jersey_Devils_season	0.00870
sportsteam:new_jersey_devils	2012–13_New_Jersey_Devils_season	0.00530
athlete:carlos_pena	Carlos_Peña	0.83560
athlete:carlos_pena	Carlos_Peña_(footballer)	0.08890
athlete:carlos_pena	Carlos_Peña_(singer)	0.03560
sportsteam:tampa	Tampa,_Florida	0.88690
sportsteam:tampa	University_of_Tampa	0.02930
sportsteam:tampa	Tampa_International_Airport	0.01450
athlete:andruw_jones	Andruw_Jones	1.00000
sportsteam:unc_pembroke_braves	University_of_North_Carolina_at_Pembroke	0.60000
sportsteam:unc_pembroke_braves	UNC_Pembroke_Braves_football	0.40000
athlete:josh_howard	Josh_Howard	0.95020
athlete:josh_howard	Josh_Howard_(comics)	0.04980
sportsteam:dallas_mavericks	Dallas_Mavericks	0.95880
sportsteam:dallas_mavericks	List_of_Dallas_Mavericks_seasons	0.00930
sportsteam:dallas_mavericks	2010–11_Dallas_Mavericks_season	0.00850
athlete:tyrus_thomas	Tyrus_Thomas	1.00000
sportsteam:bulls	Bulls_(rugby_union)	0.53240
sportsteam:bulls	Chicago_Bulls	0.14370
sportsteam:bulls	Bull	0.08400
athlete:tony_parker	Tony_Parker	0.99570
athlete:tony_parker	Tony_Parker_(author)	0.00430
sportsteam:nuggets	Denver_Nuggets	0.56000
sportsteam:nuggets	Nuggets:_Original_Artyfacts_from_the_First_Psychedelic_Era,_1965–1968	0.20000
sportsteam:nuggets	Nuggets_(series)	0.08000
athlete:coby_karl	Coby_Karl	1.00000
sportsteam:los_angeles_dodgers	Los_Angeles_Dodgers	0.83540
sportsteam:los_angeles_dodgers	List_of_Los_Angeles_Dodgers_owners_and_executives	0.01860
sportsteam:los_angeles_dodgers	List_of_Los_Angeles_Dodgers_managers	0.00870
coach:rudy_gay	Rudy_Gay	1.00000
sportsteam:memphis_grizzlies	Memphis_Grizzlies	0.93080
sportsteam:memphis_grizzlies	List_of_Memphis_Grizzlies_seasons	0.02000
sportsteam:memphis_grizzlies	Memphis_Grizzlies_draft_history	0.01320
coach:mike_bibby	Mike_Bibby	1.00000
athlete:brevin_knight	Brevin_Knight	1.00000
sportsteam:cleveland_cavaliers	Cleveland_Cavaliers	0.93980
sportsteam:cleveland_cavaliers	List_of_Cleveland_Cavaliers_seasons	0.00860
sportsteam:cleveland_cavaliers	2009–10_Cleveland_Cavaliers_season	0.00830
coach:sasha_vujacic	Sasha_Vujačić	1.00000
athlete:thaddeus_young	Thaddeus_Young	1.00000
sportsteam:philadelphia_76ers	Philadelphia_76ers	0.94640
sportsteam:philadelphia_76ers	List_of_Philadelphia_76ers_seasons	0.00770
sportsteam:philadelphia_76ers	Philadelphia_76ers_draft_history	0.00520
athlete:linas_kleiza	Linas_Kleiza	1.00000
athlete:matt_harpring	Matt_Harpring	1.00000
sportsteam:orlando_magic	Orlando_Magic	0.94790
sportsteam:orlando_magic	List_of_Orlando_Magic_seasons	0.01160
sportsteam:orlando_magic	2009–10_Orlando_Magic_season	0.00990
athlete:carl_landry	Carl_Landry	1.00000
sportsteam:houston_rockets	Houston_Rockets	0.95690
sportsteam:houston_rockets	List_of_Houston_Rockets_seasons	0.00840
sportsteam:houston_rockets	List_of_Houston_Rockets_first_and_second_round_draft_picks	0.00550
athlete:al_horford	Al_Horford	1.00000
sportsteam:atlanta_hawks	Atlanta_Hawks	0.93150
sportsteam:atlanta_hawks	List_of_Atlanta_Hawks_seasons	0.00970
sportsteam:atlanta_hawks	2009–10_Atlanta_Hawks_season	0.00860
coach:bobby_bonilla	Bobby_Bonilla	1.00000
sportsteam:new_york_mets	New_York_Mets	0.85990
sportsteam:new_york_mets	List_of_New_York_Mets_owners_and_executives	0.01810
sportsteam:new_york_mets	History_of_the_New_York_Mets	0.00790
athlete:derek_fisher	Derek_Fisher	1.00000
athlete:amare_stoudemire	Amar'e_Stoudemire	1.00000
sportsteam:suns	Phoenix_Suns	0.50870
sportsteam:suns	Jacksonville_Suns	0.23700
sportsteam:suns	Sun	0.12720
athlete:datsyuk	Pavel_Datsyuk	1.00000
sportsteam:red_wings	Detroit_Red_Wings	0.77500
sportsteam:red_wings	Rochester_Red_Wings	0.04380
sportsteam:red_wings	2006–07_Detroit_Red_Wings_season	0.03750
athlete:ed_kranepool	Ed_Kranepool	1.00000
athlete:anderson_varejao	Anderson_Varejão	1.00000
sportsteam:cavaliers	Cavalier	0.39120
sportsteam:cavaliers	Cleveland_Cavaliers	0.27760
sportsteam:cavaliers	Virginia_Cavaliers	0.11670
athlete:hedo_turkoglu	Hedo_Türkoğlu	1.00000
sportsteam:magic	Magic_(paranormal)	0.34820
sportsteam:magic	Magic_(illusion)	0.16560
sportsteam:magic	Magic_in_fiction	0.07190
athlete:don_mattingly	Don_Mattingly	1.00000
sportsteam:yankees	New_York_Yankees	0.61500
sportsteam:yankees	2012_New_York_Yankees_season	0.05490
sportsteam:yankees	2009_New_York_Yankees_season	0.05270
athlete:jordan_farmar	Jordan_Farmar	1.00000
athlete:gary_sheffield	Gary_Sheffield	0.94080
athlete:gary_sheffield	Gary_Sheffield_(historian)	0.03660
athlete:gary_sheffield	Gary_Sheffield_(bobsleigh)	0.02250
athlete:jeff_green	Jeff_Green_(racing_driver)	0.60460
athlete:jeff_green	Jeff_Green_(basketball)	0.29080
athlete:jeff_green	Jeff_Green_(comedian)	0.05710
athlete:bostjan_nachbar	Boštjan_Nachbar	1.00000
sportsteam:new_jersey_nets	Brooklyn_Nets	0.95700
sportsteam:new_jersey_nets	1982–83_New_Jersey_Nets_season	0.00550
sportsteam:new_jersey_nets	2009–10_New_Jersey_Nets_season	0.00550
athlete:larry_hughes	Larry_Hughes	0.95210
athlete:larry_hughes	Larry_Hughes_(politician)	0.04790
athlete:terry_bradshaw	Terry_Bradshaw	0.99170
athlete:terry_bradshaw	Terry_Bradshaw_(baseball)	0.00830
sportsteam:pittsburgh_steelers	Pittsburgh_Steelers	0.84260
sportsteam:pittsburgh_steelers	2010_Pittsburgh_Steelers_season	0.00670
sportsteam:pittsburgh_steelers	2011_Pittsburgh_Steelers_season	0.00540
athlete:drew_gooden	Drew_Gooden	1.00000
coach:steve_mcnair	Steve_McNair	1.00000
sportsteam:baltimore_ravens	Baltimore_Ravens	0.86460
sportsteam:baltimore_ravens	2012_Baltimore_Ravens_season	0.01460
sportsteam:baltimore_ravens	2011_Baltimore_Ravens_season	0.01190
athlete:john_salmons	John_Salmons	1.00000
sportsteam:milwaukee_brewers	Milwaukee_Brewers	0.78950
sportsteam:milwaukee_brewers	List_of_Milwaukee_Brewers_owners_and_executives	0.02310
sportsteam:milwaukee_brewers	Milwaukee_Brewers_(American_Association)	0.02090
athlete:craig_counsell	Craig_Counsell	1.00000
athlete:jarvis_hayes	Jarvis_Hayes	1.00000
sportsteam:washington_wizards	Washington_Wizards	0.94040
sportsteam:washington_wizards	List_of_Washington_Wizards_seasons	0.01730
sportsteam:washington_wizards	Washington_Wizards_draft_history	0.01170
athlete:luther_head	Luther_Head	1.00000
athlete:vladimir_radmanovic	Vladimir_Radmanović	1.00000
coach:jim_zorn	Jim_Zorn	1.00000
sportsteam:washington_redskins	Washington_Redskins	0.87340
sportsteam:washington_redskins	2012_Washington_Redskins_season	0.00510
sportsteam:washington_redskins	2011_Washington_Redskins_season	0.00430
athlete:elton_brand	Elton_Brand	1.00000
sportsteam:sixers	Philadelphia_76ers	0.89360
sportsteam:sixers	Sydney_Sixers	0.06380
sportsteam:sixers	1982–83_Philadelphia_76ers_season	0.04260
athlete:johnny_unitas	Johnny_Unitas	1.00000
sportsteam:baltimore_colts	Indianapolis_Colts	0.35520
sportsteam:baltimore_colts	History_of_the_Indianapolis_Colts	0.34540
sportsteam:baltimore_colts	Baltimore_Colts_(1947–1950)	0.08640
athlete:darko_milicic	Darko_Miličić	1.00000
athlete:andre_iguodala	Andre_Iguodala	1.00000
athlete:lindsey_hunter	Lindsey_Hunter	1.00000
sportsteam:pistons	Piston	0.60760
sportsteam:pistons	Detroit_Pistons	0.35760
sportsteam:pistons	Piston_(disambiguation)	0.01160
athlete:phil_simms	Phil_Simms	1.00000
sportsteam:new_york_red_bulls	New_York_Red_Bulls	0.97090
sportsteam:new_york_red_bulls	2010_New_York_Red_Bulls_season	0.01360
sportsteam:new_york_red_bulls	2009_New_York_Red_Bulls_season	0.01210
athlete:randy_foye	Randy_Foye	1.00000
sportsteam:minnesota_timberwolves	Minnesota_Timberwolves	0.96050
sportsteam:minnesota_timberwolves	List_of_Minnesota_Timberwolves_seasons	0.01320
sportsteam:minnesota_timberwolves	Minnesota_Timberwolves_draft_history	0.00890
athlete:lou_gehrig	Lou_Gehrig	0.99770
athlete:lou_gehrig	File:Gehrig_cropped.jpg	0.00230
athlete:james_posey	James_Posey	1.00000
coach:chauncey_billups	Chauncey_Billups	1.00000
athlete:ichiro_suzuki	Ichiro_Suzuki	1.00000
sportsteam:seattle_mariners	Seattle_Mariners	0.85600
sportsteam:seattle_mariners	List_of_Seattle_Mariners_owners_and_executives	0.02600
sportsteam:seattle_mariners	History_of_the_Seattle_Mariners	0.01130
athlete:desmond_mason	Desmond_Mason	0.97470
athlete:desmond_mason	Mason_(surname)	0.02530
athlete:byron_leftwich	Byron_Leftwich	1.00000
athlete:tony_allen	Tony_Allen_(musician)	0.49000
athlete:tony_allen	Tony_Allen_(basketball)	0.32930
athlete:tony_allen	Tony_Allen_(footballer)	0.12450
sportsteam:celtics	Boston_Celtics	0.85000
sportsteam:celtics	Celts	0.03000
sportsteam:celtics	1986–87_Boston_Celtics_season	0.02500
coach:dustin_keller	Dustin_Keller	1.00000
sportsteam:new_york_jets	New_York_Jets	0.85230
sportsteam:new_york_jets	History_of_the_New_York_Jets	0.00800
sportsteam:new_york_jets	2009_New_York_Jets_season	0.00690
coach:joe_namath	Joe_Namath	1.00000
athlete:johnny_damon	Johnny_Damon	1.00000
athlete:andrea_bargnani	Andrea_Bargnani	1.00000
sportsteam:toronto_raptors	Toronto_Raptors	0.94590
sportsteam:toronto_raptors	List_of_Toronto_Raptors_seasons	0.01440
sportsteam:toronto_raptors	Toronto_Raptors_draft_history	0.00970
athlete:rickey_henderson	Rickey_Henderson	1.00000
sportsteam:oakland_as	Oakland_Athletics	1.00000
athlete:ryan_church	Ryan_Church	0.90910
athlete:ryan_church	Ryan_Church_(concept_artist)	0.09090
athlete:prince_fielder	Prince_Fielder	1.00000
athlete:mike_dunleavy	Mike_Dunleavy,_Sr.	0.58330
athlete:mike_dunleavy	Mike_Dunleavy,_Jr.	0.40380
athlete:mike_dunleavy	Mike_Dunleavy	0.01280
sportsteam:indiana_pacers	Indiana_Pacers	0.93940
sportsteam:indiana_pacers	List_of_Indiana_Pacers_seasons	0.01050
sportsteam:indiana_pacers	Indiana_Pacers_draft_history	0.00670
athlete:kerry_collins	Kerry_Collins	1.00000
athlete:cuttino_mobley	Cuttino_Mobley	1.00000
athlete:raymond_felton	Raymond_Felton	1.00000
sportsteam:charlotte_bobcats	Charlotte_Bobcats	0.93450
sportsteam:charlotte_bobcats	List_of_Charlotte_Bobcats_seasons	0.02340
sportsteam:charlotte_bobcats	Charlotte_Bobcats_draft_history	0.01590
athlete:sammy_baugh	Sammy_Baugh	0.99590
athlete:sammy_baugh	Sammy_Baugh_Trophy	0.00410
athlete:young	Sophia_Young	0.10570
athlete:young	Chris_Young_(pitcher)	0.08920
athlete:young	Young,_New_South_Wales	0.08070
athlete:kyle_boller	Kyle_Boller	1.00000
athlete:grant_hill	Grant_Hill	0.87180
athlete:grant_hill	Grant_Hill_(politician)	0.06060
athlete:grant_hill	Grant_Hill_(producer)	0.04200
sportsteam:phoenix_mercury	Phoenix_Mercury	0.79110
sportsteam:phoenix_mercury	2009_Phoenix_Mercury_season	0.01510
sportsteam:phoenix_mercury	2001_Phoenix_Mercury_season	0.01430
athlete:kenyon_martin	Kenyon_Martin	1.00000
athlete:al_thornton	Al_Thornton	1.00000
athlete:darren_collison	Darren_Collison	1.00000
sportsteam:ucla	University_of_California,_Los_Angeles	0.58950
sportsteam:ucla	UCLA_Bruins_men's_basketball	0.09500
sportsteam:ucla	UCLA_Bruins_football	0.07420
athlete:brian_brohm	Brian_Brohm	1.00000
sportsteam:green_bay_packers	Green_Bay_Packers	0.85430
sportsteam:green_bay_packers	2010_Green_Bay_Packers_season	0.00680
sportsteam:green_bay_packers	2011_Green_Bay_Packers_season	0.00590
person:brady_quinn	Brady_Quinn	1.00000
sportsteam:cleveland_browns	Cleveland_Browns	0.86430
sportsteam:cleveland_browns	2012_Cleveland_Browns_season	0.00520
sportsteam:cleveland_browns	List_of_Cleveland_Browns_seasons	0.00480
athlete:jj_putz	J._J._Putz	1.00000
athlete:corey_brewer	Corey_Brewer	0.94690
athlete:corey_brewer	Corey_L._Brewer	0.05310
person:brett	Stephen_Brett	0.21700
person:brett	Brett_DiBiase	0.07550
person:brett	Brett_Stark	0.06600
athlete:al_jefferson	Al_Jefferson	1.00000
athlete:nate_robinson	Nate_Robinson	0.98020
athlete:nate_robinson	Nate_Robinson_(soccer)	0.01650
athlete:nate_robinson	Nate_Robinson_(American_football)	0.00330
personmexico:david_wright	David_Wright	0.58420
personmexico:david_wright	David_Wright_(poet)	0.13590
personmexico:david_wright	David_Wright_(footballer)	0.12770
athlete:danny_granger	Danny_Granger	1.00000
athlete:mike_cameron	Mike_Cameron	1.00000
athlete:babe_ruth	Babe_Ruth	0.97380
athlete:babe_ruth	Babe_Ruth_(band)	0.02410
athlete:babe_ruth	File:Babe_Ruth2.jpg	0.00100
athlete:greg_oden	Greg_Oden	1.00000
sportsteam:portland_trailblazers	Portland_Trail_Blazers	1.00000
athlete:brad_johnson	Brad_Johnson_(American_football)	0.47700
athlete:brad_johnson	Brad_Johnson_(Australian_rules_footballer)	0.19690
athlete:brad_johnson	Brad_Johnson_(actor)	0.17940
athlete:joe_dimaggio	Joe_DiMaggio	0.99870
athlete:joe_dimaggio	List_of_100_Bullets_story_arcs	0.00130
athlete:chris_simms	Chris_Simms	0.98960
athlete:chris_simms	Chris_Simms_(author)	0.01040
athlete:luke_walton	Luke_Walton	1.00000
coach:brian_billick	Brian_Billick	1.00000
athlete:chris_bosh	Chris_Bosh	0.96710
athlete:chris_bosh	Chris_Bosh_(wrestler)	0.03290
athlete:josh_hamilton	Josh_Hamilton	0.77170
athlete:josh_hamilton	Josh_Hamilton_(actor)	0.22830
sportsteam:texas_rangers	Texas_Rangers_(baseball)	0.79600
sportsteam:texas_rangers	Texas_Ranger_Division	0.05420
sportsteam:texas_rangers	List_of_Texas_Rangers_owners_and_executives	0.02220
coach:jamario_moon	Jamario_Moon	1.00000
personmexico:matt_holliday	Matt_Holliday	1.00000
sportsteam:colorado_rockies	Colorado_Rockies	0.71680
sportsteam:colorado_rockies	Colorado_Rockies_(NHL)	0.14100
sportsteam:colorado_rockies	List_of_Colorado_Rockies_owners_and_executives	0.02980
athlete:shane_victorino	Shane_Victorino	1.00000
sportsteam:phillies	Philadelphia_Phillies	0.58800
sportsteam:phillies	2009_Philadelphia_Phillies_season	0.07870
sportsteam:phillies	2012_Philadelphia_Phillies_season	0.07530
athlete:jason_campbell	Jason_Campbell	1.00000
athlete:ichiro	Ichiro_Suzuki	0.64710
athlete:ichiro	Ichirō	0.23530
athlete:ichiro	Ichirō_Hatoyama	0.05880
sportsteam:san_francisco_giants	San_Francisco_Giants	0.83510
sportsteam:san_francisco_giants	List_of_San_Francisco_Giants_owners_and_executives	0.02060
sportsteam:san_francisco_giants	2010_San_Francisco_Giants_season	0.01040
personmexico:jason_bay	Jason_Bay	1.00000
sportsteam:pirates	Piracy	0.35030
sportsteam:pirates	Pittsburgh_Pirates	0.34020
sportsteam:pirates	2009_Pittsburgh_Pirates_season	0.04190
