sportsteam:sixers	Philadelphia_76ers	0.89360
sportsteam:sixers	Sydney_Sixers	0.06380
sportsteam:sixers	1982–83_Philadelphia_76ers_season	0.04260
sportsteam:los_angeles_dodgers	Los_Angeles_Dodgers	0.83540
sportsteam:los_angeles_dodgers	List_of_Los_Angeles_Dodgers_owners_and_executives	0.01860
sportsteam:los_angeles_dodgers	List_of_Los_Angeles_Dodgers_managers	0.00870
sportsteam:miami_heat	Miami_Heat	0.94820
sportsteam:miami_heat	List_of_Miami_Heat_seasons	0.01010
sportsteam:miami_heat	2010–11_Miami_Heat_season	0.00780
sportsteam:new_jersey_nets	Brooklyn_Nets	0.95700
sportsteam:new_jersey_nets	1982–83_New_Jersey_Nets_season	0.00550
sportsteam:new_jersey_nets	2009–10_New_Jersey_Nets_season	0.00550
sportsteam:nuggets	Denver_Nuggets	0.56000
sportsteam:nuggets	Nuggets:_Original_Artyfacts_from_the_First_Psychedelic_Era,_1965–1968	0.20000
sportsteam:nuggets	Nuggets_(series)	0.08000
sportsteam:bulls	Bulls_(rugby_union)	0.53240
sportsteam:bulls	Chicago_Bulls	0.14370
sportsteam:bulls	Bull	0.08400
sportsteam:ucla	University_of_California,_Los_Angeles	0.58950
sportsteam:ucla	UCLA_Bruins_men's_basketball	0.09500
sportsteam:ucla	UCLA_Bruins_football	0.07420
sportsteam:penguins	Penguin	0.69520
sportsteam:penguins	Pittsburgh_Penguins	0.24110
sportsteam:penguins	Youngstown_State_Penguins	0.01560
sportsteam:mavericks	Dallas_Mavericks	0.36870
sportsteam:mavericks	Mavericks_(location)	0.19700
sportsteam:mavericks	Nebraska–Omaha_Mavericks	0.10610
sportsteam:indiana_pacers	Indiana_Pacers	0.93940
sportsteam:indiana_pacers	List_of_Indiana_Pacers_seasons	0.01050
sportsteam:indiana_pacers	Indiana_Pacers_draft_history	0.00670
sportsteam:washington_redskins	Washington_Redskins	0.87340
sportsteam:washington_redskins	2012_Washington_Redskins_season	0.00510
sportsteam:washington_redskins	2011_Washington_Redskins_season	0.00430
sportsteam:nccu_eagles	North_Carolina_Central_Eagles_men's_basketball	1.00000
sportsteam:san_antonio_spurs	San_Antonio_Spurs	0.95630
sportsteam:san_antonio_spurs	List_of_San_Antonio_Spurs_seasons	0.00800
sportsteam:san_antonio_spurs	2009–10_San_Antonio_Spurs_season	0.00600
sportsteam:cleveland_cavaliers	Cleveland_Cavaliers	0.93980
sportsteam:cleveland_cavaliers	List_of_Cleveland_Cavaliers_seasons	0.00860
sportsteam:cleveland_cavaliers	2009–10_Cleveland_Cavaliers_season	0.00830
sportsteam:milwaukee_bucks	Milwaukee_Bucks	0.94240
sportsteam:milwaukee_bucks	List_of_Milwaukee_Bucks_seasons	0.00930
sportsteam:milwaukee_bucks	2009–10_Milwaukee_Bucks_season	0.00690
sportsteam:minnesota_timberwolves	Minnesota_Timberwolves	0.96050
sportsteam:minnesota_timberwolves	List_of_Minnesota_Timberwolves_seasons	0.01320
sportsteam:minnesota_timberwolves	Minnesota_Timberwolves_draft_history	0.00890
sportsteam:florida_marlins	Miami_Marlins	0.92050
sportsteam:florida_marlins	1997_Florida_Marlins_season	0.01670
sportsteam:florida_marlins	2006_Florida_Marlins_season	0.01100
sportsteam:new_york_mets	New_York_Mets	0.85990
sportsteam:new_york_mets	List_of_New_York_Mets_owners_and_executives	0.01810
sportsteam:new_york_mets	History_of_the_New_York_Mets	0.00790
sportsteam:tampa	Tampa,_Florida	0.88690
sportsteam:tampa	University_of_Tampa	0.02930
sportsteam:tampa	Tampa_International_Airport	0.01450
sportsteam:new_york_islanders	New_York_Islanders	0.94420
sportsteam:new_york_islanders	2011–12_New_York_Islanders_season	0.00530
sportsteam:new_york_islanders	2012–13_New_York_Islanders_season	0.00420
sportsteam:pittsburgh_steelers	Pittsburgh_Steelers	0.84260
sportsteam:pittsburgh_steelers	2010_Pittsburgh_Steelers_season	0.00670
sportsteam:pittsburgh_steelers	2011_Pittsburgh_Steelers_season	0.00540
sportsteam:oakland_raiders	Oakland_Raiders	0.86370
sportsteam:oakland_raiders	History_of_the_Oakland_Raiders	0.01300
sportsteam:oakland_raiders	2011_Oakland_Raiders_season	0.00860
sportsteam:milwaukee_brewers	Milwaukee_Brewers	0.78950
sportsteam:milwaukee_brewers	List_of_Milwaukee_Brewers_owners_and_executives	0.02310
sportsteam:milwaukee_brewers	Milwaukee_Brewers_(American_Association)	0.02090
sportsteam:phillies	Philadelphia_Phillies	0.58800
sportsteam:phillies	2009_Philadelphia_Phillies_season	0.07870
sportsteam:phillies	2012_Philadelphia_Phillies_season	0.07530
sportsteam:detroit_lions	Detroit_Lions	0.86210
sportsteam:detroit_lions	2012_Detroit_Lions_season	0.00590
sportsteam:detroit_lions	2011_Detroit_Lions_season	0.00570
sportsteam:green_bay_packers	Green_Bay_Packers	0.85430
sportsteam:green_bay_packers	2010_Green_Bay_Packers_season	0.00680
sportsteam:green_bay_packers	2011_Green_Bay_Packers_season	0.00590
sportsteam:dallas_mavericks	Dallas_Mavericks	0.95880
sportsteam:dallas_mavericks	List_of_Dallas_Mavericks_seasons	0.00930
sportsteam:dallas_mavericks	2010–11_Dallas_Mavericks_season	0.00850
sportsteam:philadelphia_phillies	Philadelphia_Phillies	0.84480
sportsteam:philadelphia_phillies	List_of_Philadelphia_Phillies_owners_and_executives	0.01200
sportsteam:philadelphia_phillies	History_of_the_Philadelphia_Phillies	0.00520
sportsteam:pirates	Piracy	0.35030
sportsteam:pirates	Pittsburgh_Pirates	0.34020
sportsteam:pirates	2009_Pittsburgh_Pirates_season	0.04190
sportsteam:cavaliers	Cavalier	0.39120
sportsteam:cavaliers	Cleveland_Cavaliers	0.27760
sportsteam:cavaliers	Virginia_Cavaliers	0.11670
sportsteam:baltimore_colts	Indianapolis_Colts	0.35520
sportsteam:baltimore_colts	History_of_the_Indianapolis_Colts	0.34540
sportsteam:baltimore_colts	Baltimore_Colts_(1947–1950)	0.08640
sportsteam:baltimore_ravens	Baltimore_Ravens	0.86460
sportsteam:baltimore_ravens	2012_Baltimore_Ravens_season	0.01460
sportsteam:baltimore_ravens	2011_Baltimore_Ravens_season	0.01190
sportsteam:new_york_red_bulls	New_York_Red_Bulls	0.97090
sportsteam:new_york_red_bulls	2010_New_York_Red_Bulls_season	0.01360
sportsteam:new_york_red_bulls	2009_New_York_Red_Bulls_season	0.01210
sportsteam:new_jersey_devils	New_Jersey_Devils	0.93820
sportsteam:new_jersey_devils	2011–12_New_Jersey_Devils_season	0.00870
sportsteam:new_jersey_devils	2012–13_New_Jersey_Devils_season	0.00530
sportsteam:ohio_state_buckeyes	Ohio_State_Buckeyes	0.37180
sportsteam:ohio_state_buckeyes	Ohio_State_Buckeyes_football	0.22960
sportsteam:ohio_state_buckeyes	Ohio_State_Buckeyes_men's_basketball	0.03380
sportsteam:case_western_reserve_spartans	Case_Western_Reserve_University	1.00000
sportsteam:new_england_patriots	New_England_Patriots	0.85390
sportsteam:new_england_patriots	2007_New_England_Patriots_season	0.01080
sportsteam:new_england_patriots	2011_New_England_Patriots_season	0.00960
sportsteam:tennessee_titans	Tennessee_Titans	0.85410
sportsteam:tennessee_titans	2009_Tennessee_Titans_season	0.01220
sportsteam:tennessee_titans	2007_Tennessee_Titans_season	0.01190
sportsteam:new_york_jets	New_York_Jets	0.85230
sportsteam:new_york_jets	History_of_the_New_York_Jets	0.00800
sportsteam:new_york_jets	2009_New_York_Jets_season	0.00690
sportsteam:pistons	Piston	0.60760
sportsteam:pistons	Detroit_Pistons	0.35760
sportsteam:pistons	Piston_(disambiguation)	0.01160
sportsteam:golden_state_warriors	Golden_State_Warriors	0.96720
sportsteam:golden_state_warriors	List_of_Golden_State_Warriors_seasons	0.00960
sportsteam:golden_state_warriors	1985–86_Golden_State_Warriors_season	0.00430
sportsteam:red_sox	Boston_Red_Sox	0.68820
sportsteam:red_sox	2009_Boston_Red_Sox_season	0.05680
sportsteam:red_sox	2012_Boston_Red_Sox_season	0.05260
sportsteam:unc_pembroke_braves	University_of_North_Carolina_at_Pembroke	0.60000
sportsteam:unc_pembroke_braves	UNC_Pembroke_Braves_football	0.40000
sportsteam:toronto_raptors	Toronto_Raptors	0.94590
sportsteam:toronto_raptors	List_of_Toronto_Raptors_seasons	0.01440
sportsteam:toronto_raptors	Toronto_Raptors_draft_history	0.00970
sportsteam:washington_nationals	Washington_Nationals	0.66280
sportsteam:washington_nationals	Washington_Nationals_(1886–1889)	0.08040
sportsteam:washington_nationals	Washington_Nationals_(UA)	0.04330
sportsteam:boston_redsox	Boston_Red_Sox	1.00000
sportsteam:atlanta_braves	Atlanta_Braves	0.83140
sportsteam:atlanta_braves	List_of_Atlanta_Braves_owners_and_executives	0.02110
sportsteam:atlanta_braves	History_of_the_Atlanta_Braves	0.00910
sportsteam:yankees	New_York_Yankees	0.61500
sportsteam:yankees	2012_New_York_Yankees_season	0.05490
sportsteam:yankees	2009_New_York_Yankees_season	0.05270
sportsteam:minnesota_twins	Minnesota_Twins	0.82700
sportsteam:minnesota_twins	List_of_Minnesota_Twins_owners_and_executives	0.02290
sportsteam:minnesota_twins	History_of_the_Minnesota_Twins	0.00990
sportsteam:cubs	Chicago_Cubs	0.53650
sportsteam:cubs	2012_Chicago_Cubs_season	0.07290
sportsteam:cubs	2009_Chicago_Cubs_season	0.06600
sportsteam:white_sox	Chicago_White_Sox	0.66890
sportsteam:white_sox	2009_Chicago_White_Sox_season	0.06990
sportsteam:white_sox	2012_Chicago_White_Sox_season	0.06070
sportsteam:chicago_cubs	Chicago_Cubs	0.85930
sportsteam:chicago_cubs	List_of_Chicago_Cubs_owners_and_executives	0.01290
sportsteam:chicago_cubs	History_of_the_Chicago_Cubs	0.00560
sportsteam:usc	University_of_Southern_California	0.26940
sportsteam:usc	USC_Trojans_football	0.16980
sportsteam:usc	USC_Trojans_men's_basketball	0.05330
sportsteam:philadelphia_eagles	Philadelphia_Eagles	0.86230
sportsteam:philadelphia_eagles	2010_Philadelphia_Eagles_season	0.00560
sportsteam:philadelphia_eagles	2011_Philadelphia_Eagles_season	0.00490
sportsteam:colorado_avalanche	Colorado_Avalanche	0.93730
sportsteam:colorado_avalanche	2011–12_Colorado_Avalanche_season	0.00960
sportsteam:colorado_avalanche	List_of_Colorado_Avalanche_general_managers	0.00750
sportsteam:red_wings	Detroit_Red_Wings	0.77500
sportsteam:red_wings	Rochester_Red_Wings	0.04380
sportsteam:red_wings	2006–07_Detroit_Red_Wings_season	0.03750
sportsteam:cincinnati	Cincinnati	0.63560
sportsteam:cincinnati	Cincinnati_Masters	0.06570
sportsteam:cincinnati	Cincinnati_Bearcats_men's_basketball	0.04150
sportsteam:cincinnati_reds	Cincinnati_Reds	0.81930
sportsteam:cincinnati_reds	Cincinnati_Reds_(1876–80)	0.01520
sportsteam:cincinnati_reds	List_of_Cincinnati_Reds_owners_and_executives	0.01260
sportsteam:houston_rockets	Houston_Rockets	0.95690
sportsteam:houston_rockets	List_of_Houston_Rockets_seasons	0.00840
sportsteam:houston_rockets	List_of_Houston_Rockets_first_and_second_round_draft_picks	0.00550
sportsteam:jazz	Jazz	0.95610
sportsteam:jazz	Jazz_dance	0.01870
sportsteam:jazz	Jazz_(Transformers)	0.00620
sportsteam:bucks_county_community_college	Bucks_County_Community_College	1.00000
sportsteam:cleveland_indians	Cleveland_Indians	0.83560
sportsteam:cleveland_indians	List_of_Cleveland_Indians_owners_and_executives	0.01410
sportsteam:cleveland_indians	History_of_the_Cleveland_Indians	0.00620
sportsteam:chicago_bears	Chicago_Bears	0.84330
sportsteam:chicago_bears	List_of_National_Football_Conference_North_Pro_Football_Hall_of_Fame_inductees	0.00530
sportsteam:chicago_bears	2010_Chicago_Bears_season	0.00510
sportsteam:hornets	Hornet	0.35070
sportsteam:hornets	New_Orleans_Pelicans	0.33680
sportsteam:hornets	Kalamazoo_College	0.08330
sportsteam:kansas_city_chiefs	Kansas_City_Chiefs	0.84540
sportsteam:kansas_city_chiefs	History_of_the_Kansas_City_Chiefs	0.01050
sportsteam:kansas_city_chiefs	2012_Kansas_City_Chiefs_season	0.00730
sportsteam:cleveland_browns	Cleveland_Browns	0.86430
sportsteam:cleveland_browns	2012_Cleveland_Browns_season	0.00520
sportsteam:cleveland_browns	List_of_Cleveland_Browns_seasons	0.00480
sportsteam:carolina_panthers	Carolina_Panthers	0.86970
sportsteam:carolina_panthers	List_of_Carolina_Panthers_seasons	0.00930
sportsteam:carolina_panthers	2012_Carolina_Panthers_season	0.00890
sportsteam:detroit_tigers	Detroit_Tigers	0.84270
sportsteam:detroit_tigers	List_of_Detroit_Tigers_owners_and_executives	0.01360
sportsteam:detroit_tigers	2012_Detroit_Tigers_season	0.00660
sportsteam:oakland_as	Oakland_Athletics	1.00000
sportsteam:colorado_rockies	Colorado_Rockies	0.71680
sportsteam:colorado_rockies	Colorado_Rockies_(NHL)	0.14100
sportsteam:colorado_rockies	List_of_Colorado_Rockies_owners_and_executives	0.02980
sportsteam:baltimore_orioles	Baltimore_Orioles	0.70590
sportsteam:baltimore_orioles	Baltimore_Orioles_(19th_century)	0.09840
sportsteam:baltimore_orioles	New_York_Yankees	0.02110
sportsteam:real_salt_lake	Real_Salt_Lake	0.97290
sportsteam:real_salt_lake	2010_Real_Salt_Lake_season	0.01280
sportsteam:real_salt_lake	2009_Real_Salt_Lake_season	0.01190
sportsteam:red_bulls	New_York_Red_Bulls	0.38890
sportsteam:red_bulls	Red_Bull_Racing	0.36110
sportsteam:red_bulls	Red_Bull	0.16670
sportsteam:magic	Magic_(paranormal)	0.34820
sportsteam:magic	Magic_(illusion)	0.16560
sportsteam:magic	Magic_in_fiction	0.07190
sportsteam:spurs	List_of_state_highway_spurs_in_Texas	0.55350
sportsteam:spurs	List_of_Arkansas_state_highway_spurs	0.18470
sportsteam:spurs	Tottenham_Hotspur_F.C.	0.07700
sportsteam:cincinnati_bengals	Cincinnati_Bengals	0.83810
sportsteam:cincinnati_bengals	2012_Cincinnati_Bengals_season	0.00960
sportsteam:cincinnati_bengals	History_of_the_Cincinnati_Bengals	0.00820
sportsteam:dallas_cowboys	Dallas_Cowboys	0.85500
sportsteam:dallas_cowboys	2007_Dallas_Cowboys_season	0.00550
sportsteam:dallas_cowboys	2010_Dallas_Cowboys_season	0.00530
sportsteam:san_diego_chargers	San_Diego_Chargers	0.85270
sportsteam:san_diego_chargers	History_of_the_San_Diego_Chargers	0.01030
sportsteam:san_diego_chargers	2011_San_Diego_Chargers_season	0.00770
sportsteam:carolina_hurricanes	Carolina_Hurricanes	0.90820
sportsteam:carolina_hurricanes	2011–12_Carolina_Hurricanes_season	0.01090
sportsteam:carolina_hurricanes	2012–13_Carolina_Hurricanes_season	0.00940
sportsteam:montreal_expos	Montreal_Expos	0.80710
sportsteam:montreal_expos	Washington_Nationals	0.11090
sportsteam:montreal_expos	List_of_Montreal_Expos_Opening_Day_starting_pitchers	0.01050
sportsteam:minnesota_vikings	Minnesota_Vikings	0.84830
sportsteam:minnesota_vikings	2012_Minnesota_Vikings_season	0.00710
sportsteam:minnesota_vikings	2009_Minnesota_Vikings_season	0.00680
sportsteam:italy	Italy	0.75680
sportsteam:italy	Italy_national_football_team	0.03640
sportsteam:italy	Kingdom_of_Italy	0.01720
sportsteam:brazil	Brazil	0.74510
sportsteam:brazil	Brazil_national_football_team	0.05550
sportsteam:brazil	Brazil_men's_national_volleyball_team	0.01590
sportsteam:chicago_white_sox	Chicago_White_Sox	0.85820
sportsteam:chicago_white_sox	List_of_Chicago_White_Sox_owners_and_executives	0.01360
sportsteam:chicago_white_sox	History_of_the_Chicago_White_Sox	0.00590
sportsteam:seattle_seahawks	Seattle_Seahawks	0.85560
sportsteam:seattle_seahawks	2012_Seattle_Seahawks_season	0.01030
sportsteam:seattle_seahawks	2010_Seattle_Seahawks_season	0.00900
sportsteam:miami_dolphins	Miami_Dolphins	0.85540
sportsteam:miami_dolphins	History_of_the_Miami_Dolphins	0.00700
sportsteam:miami_dolphins	2007_Miami_Dolphins_season	0.00650
